title,price,url
"ADHD Digital Planner (made by an ADHDer) for iPad, Goodnotes + Android. Adult ADHD daily planner, self care & habit tracker. Science based",17.17,https://www.etsy.com/listing/1282376971/adhd-digital-planner-made-by-an-adhder
Digital Planner 2025 Customizable WHOLE SHOP BUNDLE Goodnotes iPad Template Android Notability Journal digital Stickers Printables & Inserts,19.77,https://www.etsy.com/listing/1602251608/digital-planner-2025-customizable-whole
Ultimate Life Planner | ADHD Productivity Planner | Habit Trackers | Self Care Planner | Goal Setting Journal | Daily Focus Organizer | PDF,9.60,https://www.etsy.com/listing/1886836083/ultimate-life-planner-adhd-productivity
"Digital Planner Undated, Minimalist Planner, Ipad & Android, GoodNotes Planner ,Daily, Budget, Wellness ,Goal Tracker,Monthly 2025 Planner,",7.50,https://www.etsy.com/listing/4300760804/digital-planner-undated-minimalist
"2025 2026 Premium Digital Planner, Undated Ultimate Digital Planner, Planner 2025, Goodnotes Daily Planner, Hourly Planner, Weekly Planner",3.88,https://www.etsy.com/listing/1779854716/2025-2026-premium-digital-planner
"2025 Digital Planner for Goodnotes, Notability, iPad & Tablet | Aesthetic Planner | Minimalist Modern Vertical | Dated | The Elegant Planner",7.50,https://www.etsy.com/listing/1587562177/2025-digital-planner-for-goodnotes
"All-in-One Digital Planner 2025, 2026, 2027, Digital Planner, Digital Journal, Digital Goodnotes Template, Weekly, Daily Planner, Notability",0.99,https://www.etsy.com/listing/1784469516/all-in-one-digital-planner-2025-2026
"Digital Planner Undated, iPad & Android Planner, GoodNotes Planner, Digital Calendar, Daily, Weekly, Monthly Journal, 2024 2025 iPad Planner",3.28,https://www.etsy.com/listing/1756165829/digital-planner-undated-ipad-android
"2025 2026 & Undated Digital Planner,GoodNotes Planner,Daily Planner,Weekly Planner,Notability Planner,iPad Planner,Apple Google Planner,Plan",3.38,https://www.etsy.com/listing/1647460375/2025-2026-undated-digital
"All In One Digital Planner 2025 2026 2027, Digital Planner, Digital Journal, Digital Goodnotes Template, Weekly, Daily Planner, Monthly plan",0.71,https://www.etsy.com/listing/1796209780/all-in-one-digital-planner-2025-2026
"Ultimate Digital Planner Bundle, Goodnotes iPad Templates, Notability, Android, Journal, Daily, Weekly, Monthly Planners, Stickers & Inserts",10.00,https://www.etsy.com/listing/1878185995/ultimate-digital-planner-bundle
"Minimalist 2025 Digital Planner | Daily, Weekly, Monthly Goodnotes iPad Planner, Self-Care Planner, ADHD Friendly Planner, Meal Planner",1.22,https://www.etsy.com/listing/1722998273/minimalist-2025-digital-planner-daily
"Digital Planner, Student Planner, Goodnotes Planner, Daily Planner, Weekly Planner, Notability Planner, iPad Planner | 2025 2026 & Undated",17.24,https://www.etsy.com/listing/776177381/digital-planner-student-planner
"2025 Digital Planner, Digital Weekly Planner 2025, GoodNotes Planner Template, Notability Planner, iPad Planner, 2025 Digital Calendar",8.99,https://www.etsy.com/listing/1807346365/2025-digital-planner-digital-weekly
Weekly & Daily Planner Pad Set Pink and Red | Daily Notepad | To-Do List Desk Pad | Weekly Planner | Pink Planners,27.69,https://www.etsy.com/listing/1713536753/weekly-daily-planner-pad-set-pink-and
2025 Goal Setting Digital Planner Productivity Task Planner Goals Tracker Reflection Planner Vision Board Goals Organizer PDF Download,15.75,https://www.etsy.com/listing/1863061611/2025-goal-setting-digital-planner
"Digital Planner Goodnotes, Dark Digital Planner, Undated Digital Planner, Digital iPad Planner, Notability Planner, Goodnotes Planner",2.96,https://www.etsy.com/listing/847198259/digital-planner-goodnotes-dark-digital
Digital Planner 2025 Customizable WHOLE SHOP BUNDLE Goodnotes iPad Template Android Notability Journal digital Stickers Printables & Inserts,19.77,https://www.etsy.com/listing/1602251608/digital-planner-2025-customizable-whole
"Simple Digital Planner | 2025 Planner | Minimalist Planner | Daily Planner, Weekly Planner, Monthly Planner, iPad Planner, GoodNotes Planner",2.45,https://www.etsy.com/listing/1846554251/simple-digital-planner-2025-planner
"All-in-One Digital Planner 2025-2027 | Hyperlinked Daily, Weekly, Monthly Journal | Sync with GoodNotes, Apple & Google Calendar",0.69,https://www.etsy.com/listing/1897791627/all-in-one-digital-planner-2025-2027
"Digital Monthly Planner, Digital Planner, iPad Monthly planner, Minimalist Planner, iPad Planner, GoodNotes Planner, Notability Planner",2.70,https://www.etsy.com/listing/1433633261/digital-monthly-planner-digital-planner
"Simple Undated Digital Planner • Minimalist Undated Planner for iPad • Essential, Simple Daily Planner for GoodNotes • Daily Weekly Monthly",0.91,https://www.etsy.com/listing/1412287157/simple-undated-digital-planner
"2025 Black Girl Digital Planner for Goodnotes, Notability, iPad & Tablet | Black Girl Undated Planner, Life Planner | Daily weekly Planner",6.44,https://www.etsy.com/listing/1651196568/2025-black-girl-digital-planner-for
"2025,2026 All-in-One Dated Digital Planner, Budget, Fitness, Notebook, Daily Planner, Goodnotes Planner, iPad Planner, Notability Planner",9.90,https://www.etsy.com/listing/1725550473/20252026-all-in-one-dated-digital
"Simple Digital Travel Itinerary Template : Schedule Trip Travelling, Budget Expenses, Tracker, Packing List, Trip Overview, and Editable",15.00,https://www.etsy.com/listing/1900672469/simple-digital-travel-itinerary-template
"Donut Digital Planner, Donut Printable art, Year round printable planner, Printable Calendar, Planner Inserts, Bujo Printable, Bujo Kit",8.99,https://www.etsy.com/listing/1007688444/donut-digital-planner-donut-printable
"Undated Digital Planner, Digital Planner GoodNotes, Safari Planner, Digital Life Planner, Notability Planner, iPad Planner",30.00,https://www.etsy.com/listing/801509606/undated-digital-planner-digital-planner
"2025 Digital Planner for Goodnotes, Notability, iPad & Tablet | Aesthetic Planner | Minimalist Modern Vertical | Dated | The Elegant Planner",7.50,https://www.etsy.com/listing/1587562177/2025-digital-planner-for-goodnotes
Smoothie recipes | Smoothie bowl | Fruit smoothie | Smoothie recipe | Weight loss recipes | Balanced diet | 12 Healthy Recipes Weekly,2.34,https://www.etsy.com/listing/4303432943/smoothie-recipes-smoothie-bowl-fruit
"Digital Planner Bundle, 2025 ,2026 Dated Digital Planner, Goodnotes Planner, Daily Digital Planner, iPad Planner.",2.24,https://www.etsy.com/listing/1415721221/digital-planner-bundle-2025-2026-dated
"Digital Planner, Goodnotes Planner, iPad Planner, Notability Planner, Dated Digital Planner, 2025 2026 Undated Planner",16.11,https://www.etsy.com/listing/1123882489/digital-planner-goodnotes-planner-ipad
"Digital Planner 2025, 2026, 2027, Undated, GoodNotes Planner, iPad Planner, Customizable Planner, Daily, Weekly, Monthly, GoodNotes Template",2.10,https://www.etsy.com/listing/1832747024/digital-planner-2025-2026-2027-undated
"ADHD Planner, 2025 ADHD Planner for adults, 2026 Planner ADHD, Adhd Journal, Digital Adhd Planner, 2025 Planner",2.78,https://www.etsy.com/listing/1579580933/adhd-planner-2025-adhd-planner-for
"Dark Digital planner 2025 2026 | Goodnotes Planner, Daily Weekly Monthly Planning for iPad + Android | Undated Black Planner.",10.25,https://www.etsy.com/listing/1740109549/dark-digital-planner-2025-2026-goodnotes
"Digital Planner Goodnotes, iPad Planner, Daily Weekly Monthly Planner, Undated Planner, Notability Planner, 2025 ADHD Planner Journal Bundle",10.09,https://www.etsy.com/listing/1560795089/digital-planner-goodnotes-ipad-planner
That-Girl Digital Planner | Aesthetic Planner for Daily Routines | That Girl Plan | Aesthete Organization Tool | Minimalist Productivity PDF,2.08,https://www.etsy.com/listing/1899255503/that-girl-digital-planner-aesthetic
Editable Self-Care Journal| Digital Download| Self Care Planner| Wellness Journal| Mental Health Care Journal| Canva Planner Templates,7.19,https://www.etsy.com/listing/1759260460/editable-self-care-journal-digital
"The Hosting Planner | Event Planner, Mood board, Menu, Grocery List, Printable Planner, Digital Planner, Editable, Canva Template.",6.00,https://www.etsy.com/listing/4303160457/the-hosting-planner-event-planner-mood
Golden Dust Digital Planner,15.75,https://www.etsy.com/listing/1652874779/golden-dust-digital-planner
"2025 Black Girl Digital Planner for Goodnotes, Notability, iPad & Tablet | Black Girl Undated Planner, Life Planner | Daily weekly Planner",6.44,https://www.etsy.com/listing/1651196568/2025-black-girl-digital-planner-for
Digital Planner | Undated Digital Planner | Undated Planner | Goodnotes Planner | iPad Planner | Ultimate Life Planner | Undated Calendar,5.27,https://www.etsy.com/listing/1619175277/digital-planner-undated-digital-planner
Digital Planner 2025 2026 Undated Digital Planners Goodnotes Planner iPad Planner Daily Planner Weekly Planner Digital Journal ADHD Planner,15.27,https://www.etsy.com/listing/661944197/digital-planner-2025-2026-undated
Notion Advanced Life Planner All in One Notion Template ADHD Adult Planner Notion That Girl Aesthetic Second Brain 2.0 Digital planner 2025,16.00,https://www.etsy.com/listing/1810030948/notion-advanced-life-planner-all-in-one
2025 Simple Minimalist Digital Planner | GoodNotes | Notability | FREE Stickers | Monday & Sunday Start,3.41,https://www.etsy.com/listing/1807688136/2025-simple-minimalist-digital-planner
"2025 All-in-One Digital Planner, Goodnotes Planner, Digital Calendar, Daily, Weekly, Monthly Journal, Digital Journal, Notability Templates",1.80,https://www.etsy.com/listing/1814885469/2025-all-in-one-digital-planner
"2025 Digital Planner, 2025 Dated Planner, Goodnotes Planner, Notability Planner, iPad & Tablet, Minimalist Modern Planner, PORTRAIT, BEIGE",9.00,https://www.etsy.com/listing/1829791516/2025-digital-planner-2025-dated-planner
Digital Planner 2025 | Pink Digital Planner | Undated Digital Planner | GoodNotes Planner | iPad Planner | Digital Calendar | Notability,1.67,https://www.etsy.com/listing/1636292346/digital-planner-2025-pink-digital
Notion Template - ALL IN ONE | Life Notion Planner Dashboard | Dark Mode Notion Ultimate Life Planner | Personal | Digital Planner Aesthetic,1.98,https://www.etsy.com/listing/1707999067/notion-template-all-in-one-life-notion
"Digital Planner 2025, Minimalist Digital Planner, iPad Planner, GoodNotes Planner, Digital Journal, Dated and Undated, Whole Shop Bundle",3.50,https://www.etsy.com/listing/1592464840/digital-planner-2025-minimalist-digital
"ULTIMATE Digital Planner, Goodnotes Planner, 2025 2026 -2029, Five Year Planner, iPad Planner, Notability, Hyperlinked Planner, ALL in ONE",13.99,https://www.etsy.com/listing/1873340215/ultimate-digital-planner-goodnotes
Stay Focused ADHD Digital Planner | Hyperlinked Productivity Planner with Apple & Google Calendar Integration,9.95,https://www.etsy.com/listing/1863089936/stay-focused-adhd-digital-planner
"Digital Planner, Student Planner, Goodnotes Planner, Daily Planner, Weekly Planner, Notability Planner, iPad Planner | 2025 2026 & Undated",17.24,https://www.etsy.com/listing/776177381/digital-planner-student-planner
OneNote Planner 2025 2026 Professional One Note Template For Project Management And Work Planning,11.24,https://www.etsy.com/listing/4300073143/onenote-planner-2025-2026-professional
2025 Digital Planner PLR Black Girl Planner Digital Planner For That Girl iPad Goodnotes Planner And Monthly Planner Daily Planner,2.81,https://www.etsy.com/listing/1839758686/2025-digital-planner-plr-black-girl
"Ultimate Happy Planner Printables | Classic & Big Happy Planner Templates | Daily, Weekly, Monthly, Budget, Fitness | Happy Planner 2025",9.95,https://www.etsy.com/listing/1757285496/ultimate-happy-planner-printables
2025 Digital Planner Dark Mode Boho Minimal GoodNotes Planner ADHD All-In-One Life Planner Build Your Own iPad or Android,32.00,https://www.etsy.com/listing/1343937936/2025-digital-planner-dark-mode-boho
"Work From Home Planner, Personal Daily Planner, Daily Hourly Planner, Instant Download, A5/A4/Letter/Half Letter",2.11,https://www.etsy.com/listing/959041085/work-from-home-planner-personal-daily
Free ADHD Daily Planner | Soft Visual Printable for Neurodivergent Minds,0.05,https://www.etsy.com/listing/1903578979/free-adhd-daily-planner-soft-visual
Digital Hobonichi Planner 2025 DATED | Notability Goodnotes iPad Planner | Hobonichi Techo Cousin | Japanese Yume Minimal Digital Planner,3.99,https://www.etsy.com/listing/1874254577/digital-hobonichi-planner-2025-dated
"Ultimate Me Planner UNDATED, Everyday Life Planner, Self-Care Planner, Monthly Weekly Daily Planner, ADHD-Friendly, iPad Android Planner",1.92,https://www.etsy.com/listing/1731463562/ultimate-me-planner-undated-everyday
"Landscape 2025 Blooming Digital Life Planner / Apple Apps, iCal & Google Cal Integration / Mon + Sun Start / IOS + Android / Pink + Beige",35.14,https://www.etsy.com/listing/1824916112/landscape-2025-blooming-digital-life
"Digital Teacher Planner AUGUST 2025 - JULY 2026 DATED, Lesson Academic Planner, for Goodnotes iPad Samsung Noteshelf Penly Notability",8.99,https://www.etsy.com/listing/1884898342/digital-teacher-planner-august-2025-july
"Whole Shop Digital Note Templates, Stickers, and Notebook Covers Bundle For Goodnotes Samsung Notes Lifetime All Access Pass.",9.37,https://www.etsy.com/listing/1853575925/whole-shop-digital-note-templates
"Ultimate 2025 Dark Mode Digital Planner, Dated Digital Planner for iPad Daily Planning in Goodnotes & Notability Black, Monthly Planner",6.93,https://www.etsy.com/listing/1095230971/ultimate-2025-dark-mode-digital-planner
